,date,city,country,lat,lng,temp,maxtemp,humidity,cloud,wind,just_date
0,2020-01-11 15:58:26,Bubaque,GW,11.28,-15.83,26.55,26.55,53,33,1.61,2020-01-11
1,2020-01-11 15:54:07,Cape Town,ZA,-33.93,18.42,23.92,25.0,64,0,8.2,2020-01-11
2,2020-01-11 15:55:26,Ushuaia,AR,-54.8,-68.3,11.44,12.0,66,75,12.9,2020-01-11
3,2020-01-11 15:58:26,Sao Mateus,BR,-18.72,-39.86,31.32,31.32,49,29,4.49,2020-01-11
4,2020-01-11 15:58:27,Tupik,RU,54.43,119.93,-23.83,-23.83,89,97,1.74,2020-01-11
5,2020-01-11 15:58:27,Nicoya,CR,10.15,-85.45,25.67,31.0,52,0,9.3,2020-01-11
6,2020-01-11 15:58:27,Saskylakh,RU,71.92,114.08,-19.26,-19.26,96,100,4.24,2020-01-11
7,2020-01-11 15:58:27,Bredasdorp,ZA,-34.53,20.04,23.33,23.33,78,0,1.34,2020-01-11
8,2020-01-11 15:58:27,Kyabram,AU,-36.32,145.05,14.44,14.44,53,0,5.94,2020-01-11
9,2020-01-11 15:55:09,Albany,US,42.6,-73.97,13.2,15.56,67,75,6.2,2020-01-11
10,2020-01-11 15:58:27,Punta Arenas,CL,-53.15,-70.92,13.61,14.0,58,75,12.3,2020-01-11
11,2020-01-11 15:58:27,Lorengau,PG,-2.02,147.27,29.14,29.14,77,100,5.5,2020-01-11
12,2020-01-11 15:58:27,Mayor Pablo Lagerenza,PY,-19.93,-60.77,35.03,35.03,42,100,4.35,2020-01-11
13,2020-01-11 15:55:42,Port Elizabeth,ZA,-33.92,25.57,26.0,26.0,69,20,6.7,2020-01-11
14,2020-01-11 15:58:18,Hobart,AU,-42.88,147.33,12.0,13.0,50,100,5.1,2020-01-11
15,2020-01-11 15:58:27,Sai Buri,TH,6.7,101.62,25.0,25.0,88,20,2.1,2020-01-11
16,2020-01-11 15:58:27,Kodinsk,RU,58.69,99.18,-21.82,-21.82,97,7,2.42,2020-01-11
17,2020-01-11 15:58:27,Mataura,NZ,-46.19,168.86,12.78,12.78,78,53,0.45,2020-01-11
18,2020-01-11 15:58:28,Husavik,IS,66.04,-17.34,0.0,0.0,66,40,19.5,2020-01-11
19,2020-01-11 15:58:28,Yonago,JP,35.43,133.33,4.0,4.0,86,75,2.6,2020-01-11
20,2020-01-11 15:56:30,Jamestown,US,42.1,-79.24,14.03,16.0,82,90,7.2,2020-01-11
21,2020-01-11 15:58:28,Chui,UY,-33.7,-53.46,29.45,29.45,49,11,2.06,2020-01-11
22,2020-01-11 15:58:28,Saint George,US,37.1,-113.58,-3.47,-0.56,79,1,0.46,2020-01-11
23,2020-01-11 15:58:28,Bluff,NZ,-46.6,168.33,12.78,12.78,78,100,0.45,2020-01-11
24,2020-01-11 15:58:28,Nome,US,64.5,-165.41,-11.31,-11.0,61,90,13.9,2020-01-11
25,2020-01-11 15:58:28,East London,ZA,-33.02,27.91,25.0,25.0,78,0,8.7,2020-01-11
26,2020-01-11 15:58:28,Puerto Madryn,AR,-42.77,-65.04,25.38,25.38,20,0,8.56,2020-01-11
27,2020-01-11 15:54:01,Lompoc,US,34.64,-120.46,3.89,8.89,90,75,2.1,2020-01-11
28,2020-01-11 15:57:05,Cabo Rojo,PR,18.09,-67.15,28.76,30.0,61,40,12.3,2020-01-11
29,2020-01-11 15:58:29,Nanortalik,GL,60.14,-45.24,-8.63,-8.63,55,0,8.51,2020-01-11
30,2020-01-11 15:58:29,Laguna,US,38.42,-121.42,7.22,9.44,100,40,4.1,2020-01-11
31,2020-01-11 15:58:29,Tuktoyaktuk,CA,69.45,-133.04,-26.0,-26.0,75,75,5.7,2020-01-11
32,2020-01-11 15:58:29,Hambantota,LK,6.12,81.12,26.0,26.0,94,20,3.6,2020-01-11
33,2020-01-11 15:58:29,Hilo,US,19.73,-155.09,19.16,24.0,83,90,3.6,2020-01-11
34,2020-01-11 15:58:29,Zamosc,PL,50.72,23.25,4.0,4.0,100,90,4.1,2020-01-11
35,2020-01-11 15:58:29,Roald,NO,62.58,6.13,6.84,9.0,76,75,15.4,2020-01-11
36,2020-01-11 15:58:29,Tiznit,MA,29.58,-9.5,15.34,15.34,48,0,2.93,2020-01-11
37,2020-01-11 15:58:29,Atuona,PF,-9.8,-139.03,26.71,26.71,74,0,8.25,2020-01-11
38,2020-01-11 15:54:16,Kuusamo,FI,65.97,29.18,-4.0,-4.0,92,20,5.7,2020-01-11
39,2020-01-11 15:56:21,Juneau,US,58.3,-134.42,-10.99,-10.0,60,40,5.1,2020-01-11
40,2020-01-11 15:58:29,Mossamedes,AO,-15.2,12.15,26.0,26.0,65,75,5.1,2020-01-11
41,2020-01-11 15:58:29,Avera,US,33.19,-82.53,21.02,22.0,88,90,6.7,2020-01-11
42,2020-01-11 15:58:29,Qingdao,CN,36.1,120.37,-1.85,-0.56,79,100,3.0,2020-01-11
43,2020-01-11 15:56:36,George Town,MY,5.41,100.34,26.82,27.0,88,20,0.7,2020-01-11
44,2020-01-11 15:58:29,Caravelas,BR,-17.71,-39.25,26.48,26.48,79,0,5.12,2020-01-11
45,2020-01-11 15:58:30,Kaitangata,NZ,-46.28,169.85,12.78,12.78,95,42,4.61,2020-01-11
46,2020-01-11 15:58:30,Hualmay,PE,-11.1,-77.61,23.3,23.3,64,34,3.41,2020-01-11
47,2020-01-11 15:58:30,Udachny,RU,66.42,112.4,-16.0,-16.0,91,18,4.0,2020-01-11
48,2020-01-11 15:58:30,Clyde River,CA,70.47,-68.59,-26.0,-26.0,56,40,3.6,2020-01-11
49,2020-01-11 15:58:30,Kieta,PG,-6.22,155.63,25.65,25.65,87,100,3.4,2020-01-11
50,2020-01-11 15:58:30,Carnarvon,AU,-24.87,113.63,28.0,28.0,61,0,7.7,2020-01-11
51,2020-01-11 15:58:30,Rozhniativ,UA,48.94,24.16,6.0,6.0,75,75,6.0,2020-01-11
52,2020-01-11 15:58:30,Port-Gentil,GA,-0.72,8.78,31.0,31.0,70,20,4.6,2020-01-11
53,2020-01-11 15:54:30,Houma,US,29.6,-90.72,18.52,20.0,93,90,7.7,2020-01-11
54,2020-01-11 15:58:30,Pedernales,DO,18.04,-71.74,30.0,30.0,51,40,4.1,2020-01-11
55,2020-01-11 15:58:30,Ballina,AU,-28.87,153.57,21.34,22.0,88,90,4.1,2020-01-11
56,2020-01-11 15:58:30,Hermanus,ZA,-34.42,19.23,24.26,25.0,78,0,1.34,2020-01-11
57,2020-01-11 15:58:30,Ribeira Grande,PT,38.52,-28.7,14.0,14.0,62,40,5.7,2020-01-11
58,2020-01-11 15:58:31,Tigil,RU,57.8,158.67,-12.98,-12.98,93,100,3.28,2020-01-11
59,2020-01-11 15:58:31,Rikitea,PF,-23.12,-134.97,23.91,23.91,80,0,9.2,2020-01-11
60,2020-01-11 15:58:31,Pisco,PE,-13.7,-76.22,22.41,22.78,30,40,3.1,2020-01-11
61,2020-01-11 15:58:31,Kapaa,US,22.08,-159.32,22.77,23.89,94,40,1.5,2020-01-11
62,2020-01-11 15:58:31,Manokwari,ID,-0.87,134.08,23.16,23.16,86,56,1.25,2020-01-11
63,2020-01-11 15:58:31,Mayna,RU,54.11,47.62,-5.32,-5.32,95,100,2.14,2020-01-11
64,2020-01-11 15:58:31,Jimenez,MX,28.33,-105.4,-1.0,-1.0,54,5,4.1,2020-01-11
65,2020-01-11 15:58:31,Diamantino,BR,-14.41,-56.45,33.41,33.41,56,66,0.98,2020-01-11
66,2020-01-11 15:58:31,Qaanaaq,GL,77.48,-69.36,-21.74,-21.74,43,0,3.43,2020-01-11
67,2020-01-11 15:58:31,Bengkulu,ID,-3.8,102.27,22.59,22.59,94,80,1.46,2020-01-11
68,2020-01-11 15:58:31,Novosmolinskiy,RU,56.28,43.05,-2.65,-1.67,100,90,2.0,2020-01-11
69,2020-01-11 15:58:31,Guerrero Negro,MX,27.98,-114.06,11.14,11.14,61,0,0.12,2020-01-11
70,2020-01-11 15:58:31,Nushki,PK,29.55,66.02,8.78,8.78,72,100,3.24,2020-01-11
71,2020-01-11 15:58:31,Codrington,AU,-38.27,141.97,15.13,15.13,74,100,5.57,2020-01-11
72,2020-01-11 15:56:30,Agadir,MA,30.42,-9.6,19.0,19.0,59,0,4.6,2020-01-11
73,2020-01-11 15:58:31,Gamboma,CG,-1.88,15.86,32.45,32.45,38,87,1.99,2020-01-11
74,2020-01-11 15:58:32,Busselton,AU,-33.65,115.33,18.35,20.56,26,0,4.98,2020-01-11
75,2020-01-11 15:58:32,Kodiak,US,57.79,-152.41,-2.0,-2.0,74,90,5.7,2020-01-11
76,2020-01-11 15:58:32,Xichang,CN,27.9,102.26,-1.69,-1.69,91,0,0.93,2020-01-11
77,2020-01-11 15:58:32,Severobaykalsk,RU,55.65,109.32,-11.98,-11.98,82,97,3.52,2020-01-11
78,2020-01-11 15:58:32,Galesong,ID,-5.32,119.37,24.0,24.0,100,40,2.6,2020-01-11
79,2020-01-11 15:58:32,Idenao,CM,4.25,9.0,31.0,31.0,70,20,4.1,2020-01-11
80,2020-01-11 15:58:32,Khatanga,RU,71.97,102.5,-11.62,-11.62,92,100,7.25,2020-01-11
81,2020-01-11 15:53:48,Sept-Iles,CA,50.2,-66.38,-5.22,-4.44,85,90,1.5,2020-01-11
82,2020-01-11 15:58:32,Pachmarhi,IN,22.47,78.43,12.12,12.12,55,0,1.19,2020-01-11
83,2020-01-11 15:58:32,Narsaq,GL,60.92,-46.05,-17.0,-17.0,37,20,3.1,2020-01-11
84,2020-01-11 15:58:32,Port Hardy,CA,50.7,-127.42,3.0,3.0,69,75,4.6,2020-01-11
85,2020-01-11 15:58:32,Beringovskiy,RU,63.05,179.32,-0.88,-0.88,89,99,5.95,2020-01-11
86,2020-01-11 15:58:32,Port Alfred,ZA,-33.59,26.89,23.33,23.33,85,0,3.58,2020-01-11
87,2020-01-11 15:58:32,Kismayo,SO,-0.36,42.55,28.23,28.23,78,0,7.24,2020-01-11
88,2020-01-11 15:58:33,Barrow,US,71.29,-156.79,-28.0,-28.0,75,40,6.7,2020-01-11
89,2020-01-11 15:57:59,Thompson,CA,55.74,-97.86,-37.0,-37.0,65,40,1.0,2020-01-11
90,2020-01-11 15:58:33,Kavaratti,IN,10.57,72.64,27.5,27.5,74,5,4.87,2020-01-11
91,2020-01-11 15:58:33,Lebu,CL,-37.62,-73.65,21.56,21.56,41,0,4.02,2020-01-11
92,2020-01-11 15:58:33,Iqaluit,CA,63.75,-68.51,-27.89,-27.78,68,75,3.1,2020-01-11
93,2020-01-11 15:58:33,Eucaliptus,BO,-17.58,-67.52,16.0,16.0,59,40,1.5,2020-01-11
94,2020-01-11 15:57:39,Rome,US,43.21,-75.46,14.77,16.11,82,90,2.1,2020-01-11
95,2020-01-11 15:58:33,Saldanha,ZA,-33.01,17.94,20.64,20.64,80,48,8.7,2020-01-11
96,2020-01-11 15:58:33,Rabo de Peixe,PT,37.8,-25.58,17.0,17.0,63,75,5.7,2020-01-11
97,2020-01-11 15:58:33,Mendoza,AR,-32.89,-68.83,30.0,30.0,33,20,5.1,2020-01-11
98,2020-01-11 15:58:33,Yerbogachen,RU,61.28,108.01,-17.15,-17.15,90,100,6.44,2020-01-11
99,2020-01-11 15:58:33,Upernavik,GL,72.79,-56.15,-21.79,-21.79,60,35,5.32,2020-01-11
100,2020-01-11 15:58:33,Magadan,RU,59.57,150.8,-21.35,-21.35,71,0,4.07,2020-01-11
101,2020-01-11 15:58:33,Novobiryusinskiy,RU,56.96,97.71,-21.37,-21.37,99,60,1.16,2020-01-11
102,2020-01-11 15:58:34,New Norfolk,AU,-42.78,147.06,12.0,13.0,50,100,5.1,2020-01-11
103,2020-01-11 15:58:34,Tabuk,PH,17.42,121.44,21.79,21.79,92,72,0.58,2020-01-11
104,2020-01-11 15:57:19,Harlingen,US,26.19,-97.7,17.97,19.44,27,40,6.2,2020-01-11
105,2020-01-11 15:58:34,Chokurdakh,RU,70.63,147.92,-34.85,-34.85,100,25,0.02,2020-01-11
106,2020-01-11 15:58:34,Diapaga,BF,12.07,1.79,38.19,38.19,13,50,0.67,2020-01-11
107,2020-01-11 15:58:34,Hithadhoo,MV,-0.6,73.08,28.26,28.26,80,100,7.98,2020-01-11
108,2020-01-11 15:58:34,Charters Towers,AU,-20.1,146.27,23.41,23.41,91,55,3.95,2020-01-11
109,2020-01-11 15:58:34,Hasaki,JP,35.73,140.83,0.61,1.11,100,20,1.5,2020-01-11
110,2020-01-11 15:58:34,Yellowknife,CA,62.46,-114.35,-39.49,-39.0,65,20,1.5,2020-01-11
111,2020-01-11 15:58:34,Nuevo San Juan,PA,9.22,-79.66,30.78,31.11,70,4,5.1,2020-01-11
112,2020-01-11 15:58:34,Poum,NC,-20.23,164.02,25.72,25.72,85,100,11.64,2020-01-11
113,2020-01-11 15:58:35,Ciudad Lazaro Cardenas,MX,17.96,-102.2,24.78,24.78,53,0,2.08,2020-01-11
114,2020-01-11 15:58:35,Sulangan,PH,11.14,123.72,27.2,27.2,78,100,6.49,2020-01-11
115,2020-01-11 15:54:42,Salalah,OM,17.02,54.09,26.0,26.0,74,20,3.6,2020-01-11
116,2020-01-11 15:56:05,Isla Vista,US,34.41,-119.86,5.39,9.44,45,75,2.1,2020-01-11
117,2020-01-11 15:58:35,Tiksi,RU,71.69,128.87,-27.82,-27.82,85,43,1.21,2020-01-11
118,2020-01-11 15:58:35,Burns Lake,CA,54.23,-125.75,-17.82,-17.82,97,100,1.38,2020-01-11
119,2020-01-11 15:58:35,Klaksvik,FO,62.23,-6.59,5.0,5.0,56,72,10.3,2020-01-11
120,2020-01-11 15:58:35,Marzuq,YE,14.4,46.47,22.79,22.79,57,92,3.57,2020-01-11
121,2020-01-11 15:58:35,Kahului,US,20.89,-156.47,21.02,23.0,83,90,6.2,2020-01-11
122,2020-01-11 15:58:35,Puerto Ayora,EC,-0.74,-90.35,26.33,27.0,69,75,6.7,2020-01-11
123,2020-01-11 15:58:35,Ancud,CL,-41.87,-73.82,16.0,16.0,72,75,3.1,2020-01-11
124,2020-01-11 15:58:35,Buala,SB,-8.14,159.59,26.44,26.44,85,100,8.64,2020-01-11
125,2020-01-11 15:58:36,Aguimes,ES,27.91,-15.45,19.68,20.0,60,75,10.3,2020-01-11
126,2020-01-11 15:58:36,Tasiilaq,GL,65.61,-37.64,-5.0,-5.0,73,75,2.1,2020-01-11
127,2020-01-11 15:58:36,Shelabolikha,RU,53.41,82.62,-17.0,-17.0,77,100,3.0,2020-01-11
128,2020-01-11 15:58:36,Vaini,TO,-21.2,-175.2,26.0,26.0,88,75,3.6,2020-01-11
129,2020-01-11 15:58:36,Vao,NC,-22.67,167.48,24.65,24.65,84,100,8.6,2020-01-11
130,2020-01-11 15:58:36,Saint-Philippe,RE,-21.36,55.77,22.94,26.0,78,90,9.3,2020-01-11
131,2020-01-11 15:56:23,Abancay,PE,-13.63,-72.88,3.0,3.0,100,0,3.1,2020-01-11
132,2020-01-11 15:58:36,Vanavara,RU,60.34,102.28,-21.16,-21.16,96,100,3.62,2020-01-11
133,2020-01-11 15:58:36,Kruisfontein,ZA,-34.0,24.73,28.28,28.28,44,0,4.1,2020-01-11
134,2020-01-11 15:58:37,Dikson,RU,73.51,80.55,-8.22,-8.22,94,100,8.15,2020-01-11
135,2020-01-11 15:58:37,Ukiah,US,39.15,-123.21,5.95,7.78,93,75,1.28,2020-01-11
136,2020-01-11 15:58:37,Muros,ES,42.78,-9.06,12.12,12.78,75,81,2.68,2020-01-11
137,2020-01-11 15:54:24,Perth,AU,-31.93,115.83,22.67,24.44,40,0,2.6,2020-01-11
138,2020-01-11 15:58:37,Norman Wells,CA,65.28,-126.83,-19.0,-19.0,70,90,5.7,2020-01-11
139,2020-01-11 15:58:37,Pacific Grove,US,36.62,-121.92,6.92,10.0,100,90,2.3,2020-01-11
140,2020-01-11 15:58:37,Nyurba,RU,63.28,118.33,-12.24,-12.24,92,100,3.47,2020-01-11
141,2020-01-11 15:58:37,San Quintin,MX,30.48,-115.95,3.89,3.89,30,0,3.58,2020-01-11
142,2020-01-11 15:58:37,Zhalantun,CN,48.0,122.72,-21.53,-21.53,86,0,2.81,2020-01-11
143,2020-01-11 15:58:37,Mana,GF,5.66,-53.78,29.61,29.61,57,22,3.32,2020-01-11
144,2020-01-11 15:58:37,Qandala,SO,11.47,49.87,24.51,24.51,75,12,3.43,2020-01-11
145,2020-01-11 15:58:37,Shieli,KZ,44.17,66.75,-0.77,-0.77,80,100,2.17,2020-01-11
146,2020-01-11 15:58:37,Sao Filipe,CV,14.9,-24.5,21.25,21.25,64,100,6.68,2020-01-11
147,2020-01-11 15:58:38,Nikolskoye,RU,59.7,30.79,-0.76,0.56,86,22,2.0,2020-01-11
148,2020-01-11 15:58:38,Fukuecho,JP,32.69,128.84,10.0,10.0,76,90,4.6,2020-01-11
149,2020-01-11 15:58:38,Mayo,US,38.89,-76.51,16.58,18.89,77,1,3.6,2020-01-11
150,2020-01-11 15:58:38,Maniitsoq,GL,65.42,-52.9,-11.57,-11.57,48,100,11.07,2020-01-11
151,2020-01-11 15:58:38,Saint-Augustin,CA,51.23,-58.65,-5.66,-5.66,72,100,7.4,2020-01-11
152,2020-01-11 15:58:38,Yokadouma,CM,3.52,15.05,33.25,33.25,27,88,1.21,2020-01-11
153,2020-01-11 15:55:48,Borehamwood,GB,51.65,-0.28,10.01,11.11,87,90,8.2,2020-01-11
154,2020-01-11 15:58:38,Campbellton,CA,48.01,-66.67,0.85,0.85,99,100,1.46,2020-01-11
155,2020-01-11 15:58:38,Bumba,CD,2.18,22.47,33.26,33.26,33,95,0.95,2020-01-11
156,2020-01-11 15:58:38,Jacobina,BR,-11.18,-40.52,27.69,27.69,55,77,3.28,2020-01-11
157,2020-01-11 15:58:38,Ruski Krstur,RS,45.56,19.42,3.82,5.0,69,19,4.1,2020-01-11
158,2020-01-11 15:56:08,Abha,SA,18.22,42.51,12.52,13.0,40,100,5.1,2020-01-11
159,2020-01-11 15:58:38,Schwedt,DE,53.06,14.28,3.89,5.0,86,16,4.14,2020-01-11
160,2020-01-11 15:58:38,Lishui,CN,28.46,119.91,5.93,5.93,94,100,1.03,2020-01-11
161,2020-01-11 15:58:39,Coruripe,BR,-10.13,-36.18,28.32,28.32,66,0,5.04,2020-01-11
162,2020-01-11 15:58:39,Nuevo Progreso,MX,23.17,-97.95,22.32,22.78,32,100,6.26,2020-01-11
163,2020-01-11 15:58:39,Falkenberg,SE,56.91,12.49,5.39,5.56,86,100,10.3,2020-01-11
164,2020-01-11 15:58:39,Chapais,CA,49.78,-74.85,-9.0,-9.0,85,90,5.1,2020-01-11
165,2020-01-11 15:58:39,Ilulissat,GL,69.22,-51.1,-20.0,-20.0,48,5,9.3,2020-01-11
166,2020-01-11 15:58:39,Cherskiy,RU,68.75,161.3,-26.67,-26.67,98,100,2.17,2020-01-11
167,2020-01-11 15:58:39,Baiyin,CN,36.56,104.21,-7.41,-1.67,84,3,3.0,2020-01-11
168,2020-01-11 15:58:39,Bathsheba,BB,13.22,-59.52,30.0,30.0,58,40,11.3,2020-01-11
169,2020-01-11 15:58:39,Black River,JM,18.03,-77.85,29.53,30.0,62,20,9.3,2020-01-11
170,2020-01-11 15:58:39,Sao Felix do Xingu,BR,-6.64,-51.99,27.57,27.57,82,98,1.75,2020-01-11
171,2020-01-11 15:58:39,Ibra,OM,22.69,58.53,21.26,21.26,72,82,4.01,2020-01-11
172,2020-01-11 15:58:39,Takoradze,GH,4.88,-1.76,31.18,31.18,54,81,3.51,2020-01-11
173,2020-01-11 15:58:39,Ixtapa,MX,20.7,-105.2,19.18,21.67,88,75,2.1,2020-01-11
174,2020-01-11 15:58:40,Lagoa,PT,39.05,-27.98,13.82,13.82,63,45,6.85,2020-01-11
175,2020-01-11 15:58:40,Bethel,US,41.37,-73.41,13.96,16.11,67,1,5.1,2020-01-11
176,2020-01-11 15:58:40,Coyhaique,CL,-45.58,-72.07,16.43,17.0,48,75,4.6,2020-01-11
177,2020-01-11 15:58:40,Nizhnevartovsk,RU,60.93,76.55,-9.0,-9.0,78,100,6.0,2020-01-11
178,2020-01-11 15:58:40,Pasni,PK,25.26,63.47,19.92,19.92,63,100,11.24,2020-01-11
179,2020-01-11 15:58:40,Cockburn Town,TC,21.46,-71.14,26.36,26.36,74,0,13.58,2020-01-11
180,2020-01-11 15:58:40,Berlevag,NO,70.86,29.09,1.82,1.82,64,60,3.78,2020-01-11
181,2020-01-11 15:58:40,Merauke,ID,-8.47,140.33,24.89,24.89,93,96,1.71,2020-01-11
182,2020-01-11 15:58:40,Severo-Kuril'sk,RU,50.68,156.12,-7.12,-7.12,87,91,9.01,2020-01-11
183,2020-01-11 15:58:40,Asau,RO,46.43,26.4,5.0,5.0,80,75,3.1,2020-01-11
184,2020-01-11 15:58:40,Kanye,BW,-24.97,25.33,26.32,26.32,52,100,2.22,2020-01-11
185,2020-01-11 15:58:40,Jos,NG,9.92,8.9,30.72,30.72,19,0,3.54,2020-01-11
186,2020-01-11 15:58:40,Castro,BR,-24.79,-50.01,28.55,28.55,59,82,2.79,2020-01-11
187,2020-01-11 15:58:41,Kotka,FI,60.47,26.92,-1.82,-1.67,92,100,4.6,2020-01-11
188,2020-01-11 15:58:41,Finnsnes,NO,69.23,17.98,1.43,2.22,64,100,6.2,2020-01-11
189,2020-01-11 15:58:41,Vestmannaeyjar,IS,63.44,-20.27,0.0,0.0,62,75,10.3,2020-01-11
190,2020-01-11 15:58:41,Inirida,CO,3.87,-67.92,28.72,28.72,64,70,0.44,2020-01-11
191,2020-01-11 15:58:41,Samarai,PG,-10.62,150.67,24.17,24.17,93,100,1.88,2020-01-11
192,2020-01-11 15:58:01,Half Moon Bay,US,37.46,-122.43,7.53,9.44,93,40,1.5,2020-01-11
193,2020-01-11 15:55:18,Marrakesh,MA,31.63,-8.01,15.0,15.0,54,20,1.5,2020-01-11
194,2020-01-11 15:55:00,Billings,US,45.78,-108.5,-5.17,-2.78,45,75,9.3,2020-01-11
195,2020-01-11 15:58:41,Avarua,CK,-21.21,-159.78,26.0,26.0,83,96,4.6,2020-01-11
196,2020-01-11 15:58:41,Syedove,UA,47.08,38.16,5.29,5.29,93,100,10.19,2020-01-11
197,2020-01-11 15:58:41,Saint George's,GD,12.06,-61.75,30.0,30.0,66,40,8.2,2020-01-11
198,2020-01-11 15:54:36,Vaitape,PF,-16.52,-151.75,27.43,27.43,78,11,8.12,2020-01-11
199,2020-01-11 15:55:13,Bunia,CD,1.57,30.25,27.57,27.57,44,4,3.1,2020-01-11
200,2020-01-11 15:58:41,Pattukkottai,IN,10.43,79.32,21.59,21.59,87,100,3.61,2020-01-11
201,2020-01-11 15:57:10,Hong Kong,HK,22.29,114.16,18.03,20.0,68,20,6.2,2020-01-11
202,2020-01-11 15:58:42,Mount Gambier,AU,-37.83,140.77,14.0,14.0,82,90,2.6,2020-01-11
203,2020-01-11 15:58:42,Marataizes,BR,-21.04,-40.82,31.68,31.68,55,47,3.37,2020-01-11
204,2020-01-11 15:58:42,Banjar,ID,-8.19,114.97,27.0,27.0,94,40,3.6,2020-01-11
205,2020-01-11 15:58:42,Dunedin,NZ,-45.87,170.5,13.33,13.33,94,98,2.68,2020-01-11
206,2020-01-11 15:58:42,Ypsonas,CY,34.69,32.96,11.95,14.0,62,75,4.1,2020-01-11
207,2020-01-11 15:54:45,Stornoway,GB,58.21,-6.39,6.06,6.11,87,20,5.7,2020-01-11
208,2020-01-11 15:58:42,Pangnirtung,CA,66.15,-65.71,-33.0,-33.0,67,5,0.53,2020-01-11
209,2020-01-11 15:58:42,Namatanai,PG,-3.67,152.43,27.72,27.72,80,100,5.46,2020-01-11
210,2020-01-11 15:58:42,Byumba,RW,-1.58,30.07,22.89,23.0,60,40,2.4,2020-01-11
211,2020-01-11 15:58:42,Khovd,MN,48.01,91.64,-21.73,-21.73,92,0,0.42,2020-01-11
212,2020-01-11 15:58:42,Bambous Virieux,MU,-20.34,57.76,25.29,25.56,100,75,3.6,2020-01-11
213,2020-01-11 15:58:42,Arraial do Cabo,BR,-22.97,-42.03,34.55,36.0,55,20,5.1,2020-01-11
214,2020-01-11 15:58:12,Lima,PE,-12.04,-77.03,23.0,23.0,78,75,2.6,2020-01-11
215,2020-01-11 15:58:43,Quatre Cocos,MU,-20.21,57.76,25.27,25.56,100,75,3.6,2020-01-11
216,2020-01-11 15:58:43,Olafsvik,IS,64.89,-23.71,-2.02,-2.02,82,68,18.83,2020-01-11
217,2020-01-11 15:58:43,Butaritari,KI,3.07,172.79,27.35,27.35,73,100,2.43,2020-01-11
218,2020-01-11 15:58:43,Gunjur,GM,13.2,-16.73,31.0,31.0,16,81,3.1,2020-01-11
219,2020-01-11 15:58:43,Guayaramerin,BO,-10.84,-65.36,30.0,30.0,66,50,3.6,2020-01-11
220,2020-01-11 15:58:43,Provideniya,RU,64.38,-173.3,-15.34,-15.34,95,100,4.59,2020-01-11
221,2020-01-11 15:58:43,Geraldton,AU,-28.77,114.6,23.0,23.0,60,0,3.6,2020-01-11
222,2020-01-11 15:58:43,Aksha,RU,50.28,113.29,-21.37,-21.37,89,4,1.89,2020-01-11
223,2020-01-11 15:58:43,Waipawa,NZ,-41.41,175.52,16.17,17.0,77,21,9.8,2020-01-11
224,2020-01-11 15:58:43,Luderitz,NA,-26.65,15.16,23.0,23.0,64,0,9.8,2020-01-11
225,2020-01-11 15:58:43,San Cristobal,VE,7.77,-72.22,24.0,24.0,73,75,2.1,2020-01-11
226,2020-01-11 15:58:43,Fare,PF,-16.7,-151.02,27.53,27.53,78,17,8.28,2020-01-11
227,2020-01-11 15:58:44,Constitucion,CL,-35.33,-72.42,21.34,21.34,45,0,4.7,2020-01-11
228,2020-01-11 15:58:44,La Ronge,CA,55.1,-105.28,-26.0,-26.0,75,40,3.6,2020-01-11
229,2020-01-11 15:58:44,Riyadh,SA,24.69,46.72,14.0,14.0,33,75,7.2,2020-01-11
230,2020-01-11 15:58:44,Iwanai,JP,42.97,140.51,-1.87,-1.87,82,100,2.65,2020-01-11
231,2020-01-11 15:58:44,Abu Kamal,SY,34.45,40.92,10.09,10.09,44,0,5.06,2020-01-11
232,2020-01-11 15:58:44,Kumul,CN,42.8,93.45,-9.25,-9.25,54,0,1.55,2020-01-11
233,2020-01-11 15:58:44,Esim,GH,4.87,-2.24,31.18,31.18,54,81,3.51,2020-01-11
234,2020-01-11 15:58:44,Matara,LK,5.95,80.54,25.36,25.36,81,0,2.15,2020-01-11
235,2020-01-11 15:58:44,Dapaong,TG,10.86,0.2,36.69,36.69,16,11,0.46,2020-01-11
236,2020-01-11 15:58:44,Puessi,EE,59.36,27.05,1.71,1.71,61,94,7.16,2020-01-11
237,2020-01-11 15:56:56,Cabo San Lucas,MX,22.89,-109.91,16.73,18.89,59,40,7.2,2020-01-11
238,2020-01-11 15:58:44,Monte Alegre,BR,-2.01,-54.07,30.56,30.56,51,41,2.39,2020-01-11
239,2020-01-11 15:58:44,Gravelbourg,CA,49.88,-106.55,-9.65,-9.65,94,100,4.12,2020-01-11
240,2020-01-11 15:58:44,Haines Junction,CA,60.75,-137.51,-34.45,-34.45,93,0,2.8,2020-01-11
241,2020-01-11 15:58:45,Airai,TL,-8.93,125.41,20.07,20.07,86,100,2.74,2020-01-11
242,2020-01-11 15:58:45,Ust-Tsilma,RU,65.44,52.15,-11.58,-11.58,96,72,1.74,2020-01-11
243,2020-01-11 15:55:01,Imbituba,BR,-28.24,-48.67,28.0,28.0,83,20,6.7,2020-01-11
244,2020-01-11 15:58:45,Biak,ID,-0.91,122.88,28.06,28.06,75,100,3.67,2020-01-11
245,2020-01-11 15:58:45,Yei,SS,4.09,30.68,31.27,31.27,14,0,3.05,2020-01-11
246,2020-01-11 15:58:45,Srivardhan,IN,18.03,73.02,24.78,24.78,77,0,1.21,2020-01-11
247,2020-01-11 15:58:45,Garoowe,SO,8.41,48.48,30.09,30.09,32,0,1.72,2020-01-11
248,2020-01-11 15:58:45,Nakamura,JP,32.98,132.93,5.99,5.99,67,85,1.74,2020-01-11
249,2020-01-11 15:58:45,Norsup,VU,-16.07,167.38,23.0,23.0,100,100,7.98,2020-01-11
250,2020-01-11 15:58:45,Nantucket,US,41.28,-70.1,12.33,16.11,81,90,9.3,2020-01-11
251,2020-01-11 15:58:45,Garissa,KE,-0.45,39.64,32.86,32.86,45,36,1.74,2020-01-11
252,2020-01-11 15:58:45,Samfya,ZM,-11.36,29.56,20.4,20.4,91,100,3.45,2020-01-11
253,2020-01-11 15:58:46,Port Blair,IN,11.67,92.75,26.55,26.55,76,19,7.53,2020-01-11
254,2020-01-11 15:58:46,Saint-Pierre,RE,-21.34,55.48,22.91,26.0,78,90,9.3,2020-01-11
255,2020-01-11 15:58:46,Dodge City,US,37.75,-100.02,-9.86,-8.33,78,1,6.2,2020-01-11
256,2020-01-11 15:58:46,Glazov,RU,58.14,52.66,-8.54,-8.54,95,92,3.38,2020-01-11
257,2020-01-11 15:54:50,Antigonish,CA,45.62,-62.0,3.44,4.44,86,90,4.6,2020-01-11
258,2020-01-11 15:58:46,Progreso,MX,21.28,-89.67,27.13,27.22,83,75,6.2,2020-01-11
259,2020-01-11 15:58:46,Berea,US,41.37,-81.85,16.6,18.0,55,1,8.2,2020-01-11
260,2020-01-11 15:55:45,Ahipara,NZ,-35.17,173.17,11.67,11.67,94,0,1.32,2020-01-11
261,2020-01-11 15:58:46,Avanuorri,NO,71.0,24.66,-1.0,-1.0,74,68,4.6,2020-01-11
262,2020-01-11 15:58:46,Port Lincoln,AU,-34.73,135.87,15.67,15.67,77,0,7.15,2020-01-11
263,2020-01-11 15:58:39,Mar del Plata,AR,-38.0,-57.56,27.38,27.78,36,0,10.8,2020-01-11
264,2020-01-11 15:58:46,Cap Malheureux,MU,-19.98,57.61,25.24,25.56,100,75,3.6,2020-01-11
265,2020-01-11 15:54:34,Westport,US,41.14,-73.36,13.41,16.11,81,1,3.6,2020-01-11
266,2020-01-11 15:58:47,Tadine,NC,-21.55,167.88,22.57,22.57,92,100,5.25,2020-01-11
267,2020-01-11 15:58:47,Taoudenni,ML,22.68,-3.98,21.93,21.93,13,0,4.67,2020-01-11
268,2020-01-11 15:58:47,Raudeberg,NO,61.99,5.14,8.4,9.0,81,100,11.8,2020-01-11
269,2020-01-11 15:58:47,Fortuna,US,40.6,-124.16,7.53,9.44,100,90,4.1,2020-01-11
270,2020-01-11 15:58:47,Mahebourg,MU,-20.41,57.7,25.31,25.56,100,75,3.6,2020-01-11
271,2020-01-11 15:58:47,Tuatapere,NZ,-46.13,167.68,12.78,12.78,78,100,0.45,2020-01-11
272,2020-01-11 15:58:47,Fairmont,US,39.49,-80.14,19.77,22.0,52,1,9.3,2020-01-11
273,2020-01-11 15:58:47,Alofi,NU,-19.06,-169.92,24.0,24.0,94,35,2.1,2020-01-11
274,2020-01-11 15:58:47,Manicore,BR,-5.81,-61.3,28.71,28.71,80,0,1.84,2020-01-11
275,2020-01-11 15:58:47,Dickinson,US,29.46,-95.05,10.74,13.33,81,75,6.2,2020-01-11
276,2020-01-11 15:58:47,San Patricio,MX,19.22,-104.7,21.0,21.0,77,75,2.22,2020-01-11
277,2020-01-11 15:58:47,Kisanga,TZ,-7.44,37.7,29.48,29.48,72,80,1.21,2020-01-11
278,2020-01-11 15:58:47,Kavieng,PG,-2.57,150.8,28.5,28.5,78,100,5.51,2020-01-11
279,2020-01-11 15:57:55,Mehamn,NO,71.04,27.85,-2.39,-2.39,76,98,4.31,2020-01-11
280,2020-01-11 15:55:53,Parkersburg,US,39.27,-81.56,20.67,22.22,59,1,4.1,2020-01-11
281,2020-01-11 15:58:48,Eyrarbakki,IS,63.86,-21.15,-1.76,0.0,60,75,10.3,2020-01-11
282,2020-01-11 15:58:48,Chokwe,MZ,-24.53,32.98,28.75,28.75,67,5,5.55,2020-01-11
283,2020-01-11 15:58:48,Lavrentiya,RU,65.58,-171.0,-13.11,-13.11,76,100,6.89,2020-01-11
284,2020-01-11 15:58:48,Smithers,CA,54.78,-127.17,-8.0,-8.0,85,90,2.1,2020-01-11
285,2020-01-11 15:58:48,Klyuchevskiy,RU,53.53,119.45,-23.86,-23.86,93,100,1.32,2020-01-11
286,2020-01-11 15:57:49,Denpasar,ID,-8.65,115.22,27.0,27.0,94,40,3.6,2020-01-11
287,2020-01-11 15:58:48,Hobyo,SO,5.35,48.53,26.17,26.17,78,41,5.82,2020-01-11
288,2020-01-11 15:58:48,Yinchuan,CN,38.47,106.27,-5.45,-5.45,59,99,0.88,2020-01-11
289,2020-01-11 15:58:48,Puerto Escondido,MX,15.85,-97.07,25.0,25.0,78,20,0.29,2020-01-11
290,2020-01-11 15:58:48,Yenagoa,NG,4.92,6.26,30.77,30.77,58,100,3.69,2020-01-11
291,2020-01-11 15:58:48,Hounde,BF,11.5,-3.52,35.91,35.91,12,0,2.46,2020-01-11
292,2020-01-11 15:58:48,Coquimbo,CL,-29.95,-71.34,20.0,20.0,68,38,6.2,2020-01-11
293,2020-01-11 15:58:48,Sozimskiy,RU,59.74,52.25,-8.21,-8.21,95,93,2.64,2020-01-11
294,2020-01-11 15:58:49,Abu Samrah,SY,35.3,37.18,9.76,9.76,72,0,3.72,2020-01-11
295,2020-01-11 15:57:30,Bhubaneswar,IN,20.23,85.83,18.0,18.0,72,0,0.5,2020-01-11
296,2020-01-11 15:58:49,Jiazi,CN,22.88,116.07,16.73,16.73,55,12,2.37,2020-01-11
297,2020-01-11 15:58:49,Tazovsky,RU,67.47,78.7,-11.14,-11.14,91,100,8.11,2020-01-11
298,2020-01-11 15:58:49,Tinambacan,PH,12.09,124.5,25.81,25.81,82,100,3.95,2020-01-11
299,2020-01-11 15:58:49,Shellbrook,CA,53.22,-106.4,-23.0,-23.0,76,90,6.7,2020-01-11
300,2020-01-11 15:58:49,Adelaide,AU,-34.93,138.6,14.53,16.11,67,0,3.6,2020-01-11
301,2020-01-11 15:58:49,Vila,PT,42.03,-8.16,11.59,13.0,58,57,0.5,2020-01-11
302,2020-01-11 15:58:49,Monteagudo,BO,-19.82,-63.98,26.0,26.0,69,90,2.92,2020-01-11
303,2020-01-11 15:58:49,Ubari,LY,26.59,12.78,17.92,17.92,18,0,5.24,2020-01-11
304,2020-01-11 15:58:49,Mahon,ES,39.89,4.27,11.0,11.0,87,75,4.1,2020-01-11
305,2020-01-11 15:56:08,Englewood,US,39.65,-104.99,-8.28,-5.0,92,1,1.5,2020-01-11
306,2020-01-11 15:58:50,Pevek,RU,69.7,170.31,-21.96,-21.96,97,100,2.48,2020-01-11
307,2020-01-11 15:58:50,Calvinia,ZA,-31.47,19.78,31.69,31.69,13,0,8.38,2020-01-11
308,2020-01-11 15:58:50,Tataouine,TN,32.93,10.45,15.0,15.0,41,20,2.1,2020-01-11
309,2020-01-11 15:58:50,Sitka,US,57.05,-135.33,-7.0,-7.0,48,20,3.6,2020-01-11
310,2020-01-11 15:58:50,Cayenne,GF,4.93,-52.33,28.0,28.0,69,75,6.7,2020-01-11
311,2020-01-11 15:58:50,Saint Anthony,US,45.02,-93.22,-17.02,-15.0,71,40,5.1,2020-01-11
312,2020-01-11 15:58:50,Kholtoson,RU,50.3,103.31,-22.55,-22.55,91,0,1.11,2020-01-11
313,2020-01-11 15:58:50,Ogaminana,NG,7.59,6.22,33.76,33.76,30,66,3.27,2020-01-11
314,2020-01-11 15:54:12,Antofagasta,CL,-23.65,-70.4,21.59,22.22,68,20,6.2,2020-01-11
315,2020-01-11 15:58:50,Huilong,CN,31.81,121.66,5.92,6.11,84,88,3.17,2020-01-11
316,2020-01-11 15:58:50,Vanimo,PG,-2.67,141.3,27.67,27.67,80,100,2.24,2020-01-11
317,2020-01-11 15:58:50,Saalfeld,DE,50.65,11.37,2.76,5.0,74,15,3.6,2020-01-11
318,2020-01-11 15:58:50,Bandarbeyla,SO,9.49,50.81,25.88,25.88,73,0,4.9,2020-01-11
319,2020-01-11 15:58:50,Katihar,IN,25.53,87.58,15.08,15.08,67,0,3.64,2020-01-11
320,2020-01-11 15:58:51,Shimoda,JP,34.67,138.95,3.92,4.44,85,0,8.38,2020-01-11
321,2020-01-11 15:58:51,Lasem,ID,-6.69,111.45,27.04,27.04,77,100,3.57,2020-01-11
322,2020-01-11 15:58:51,Katsuura,JP,35.13,140.3,6.62,7.22,75,20,4.6,2020-01-11
323,2020-01-11 15:58:51,Kulunda,RU,52.57,78.94,-11.61,-11.61,91,100,3.72,2020-01-11
324,2020-01-11 15:58:51,Sur,OM,22.57,59.53,22.18,22.18,77,78,2.76,2020-01-11
325,2020-01-11 15:58:51,Atbasar,KZ,51.8,68.33,-15.44,-15.44,86,87,1.9,2020-01-11
326,2020-01-11 15:58:51,Saryg-Sep,RU,51.5,95.6,-29.0,-29.0,99,0,0.12,2020-01-11
327,2020-01-11 15:58:51,Paamiut,GL,61.99,-49.67,-12.64,-12.64,89,100,5.55,2020-01-11
328,2020-01-11 15:58:51,Demba,CD,-5.51,22.27,25.27,25.27,70,100,1.62,2020-01-11
329,2020-01-11 15:58:51,Kovdor,RU,67.57,30.48,-6.15,-6.15,89,100,4.14,2020-01-11
330,2020-01-11 15:58:51,Vila Franca do Campo,PT,37.72,-25.43,17.0,17.0,63,75,5.7,2020-01-11
331,2020-01-11 15:58:51,Gibara,CU,21.11,-76.13,28.0,28.0,58,20,8.7,2020-01-11
332,2020-01-11 15:58:51,Laurel,US,39.1,-76.85,16.5,18.89,72,1,5.1,2020-01-11
333,2020-01-11 15:58:51,Rocha,UY,-34.48,-54.33,31.07,31.07,21,9,2.85,2020-01-11
334,2020-01-11 15:58:52,Lakes Entrance,AU,-37.88,147.98,13.33,13.33,69,52,0.89,2020-01-11
335,2020-01-11 15:57:54,Christchurch,NZ,-43.53,172.63,19.1,21.11,49,100,5.1,2020-01-11
336,2020-01-11 15:58:52,Saint-Joseph,RE,-21.37,55.62,22.93,26.0,78,90,9.3,2020-01-11
337,2020-01-11 15:58:52,Ostrovnoy,RU,68.05,39.51,-9.55,-9.55,97,48,4.4,2020-01-11
338,2020-01-11 15:58:52,Mayahi,NE,13.96,7.67,32.97,32.97,15,0,3.81,2020-01-11
339,2020-01-11 15:58:52,Burnie,AU,-41.07,145.92,10.93,11.67,86,98,1.34,2020-01-11
340,2020-01-11 15:58:52,Orange Walk District,BZ,17.83,-88.83,27.89,28.0,83,75,3.6,2020-01-11
341,2020-01-11 15:58:52,Pemba,MZ,-12.97,40.52,29.0,29.0,83,75,2.6,2020-01-11
342,2020-01-11 15:58:52,Faanui,PF,-16.48,-151.75,27.43,27.43,78,11,8.12,2020-01-11
343,2020-01-11 15:58:52,Jacareacanga,BR,-6.22,-57.75,28.59,28.59,82,47,0.95,2020-01-11
344,2020-01-11 15:58:52,Arlit,NE,18.74,7.39,31.14,31.14,13,48,4.35,2020-01-11
345,2020-01-11 15:58:52,Makakilo City,US,21.35,-158.09,23.05,24.0,88,90,7.7,2020-01-11
346,2020-01-11 15:58:53,Buchanan,LR,5.88,-10.05,30.0,30.0,79,40,6.2,2020-01-11
347,2020-01-11 15:58:53,Derbent,RU,42.07,48.29,4.94,4.94,78,100,4.02,2020-01-11
348,2020-01-11 15:58:53,Tanout,NE,14.97,8.89,30.67,30.67,16,10,5.16,2020-01-11
349,2020-01-11 15:58:53,Meulaboh,ID,4.14,96.13,28.81,28.81,68,100,0.63,2020-01-11
350,2020-01-11 15:58:53,Oktyabrskiy,RU,54.48,53.47,-10.09,-10.09,95,98,2.95,2020-01-11
351,2020-01-11 15:58:53,Necochea,AR,-38.55,-58.74,28.84,30.0,35,0,6.26,2020-01-11
352,2020-01-11 15:58:53,Batemans Bay,AU,-35.72,150.18,15.52,17.22,74,100,2.68,2020-01-11
353,2020-01-11 15:58:53,Pudozh,RU,61.81,36.53,-2.63,-2.63,92,100,2.82,2020-01-11
354,2020-01-11 15:58:53,Awjilah,LY,29.11,21.29,16.02,16.02,34,100,3.7,2020-01-11
355,2020-01-11 15:58:53,Cabra,ES,37.47,-4.44,14.25,16.0,38,0,3.1,2020-01-11
356,2020-01-11 15:58:53,Cabedelo,BR,-6.98,-34.83,31.0,31.0,52,75,4.6,2020-01-11
357,2020-01-11 15:58:54,Takaka,NZ,-40.85,172.8,15.33,16.67,89,66,5.81,2020-01-11
358,2020-01-11 15:58:54,Hays,US,30.05,-98.03,7.64,10.0,66,75,5.1,2020-01-11
359,2020-01-11 15:58:54,Cap-aux-Meules,CA,47.38,-61.86,1.0,1.0,86,90,3.6,2020-01-11
360,2020-01-11 15:58:54,Yangi Marg`ilon,UZ,40.43,71.72,3.0,3.0,64,100,1.0,2020-01-11
361,2020-01-11 15:58:54,Sioux Lookout,CA,50.1,-91.92,-30.8,-30.0,74,5,1.05,2020-01-11
362,2020-01-11 15:56:03,Portland,US,45.52,-122.68,5.27,7.0,81,90,3.6,2020-01-11
363,2020-01-11 15:58:54,Baykit,RU,61.67,96.37,-20.33,-20.33,98,80,1.79,2020-01-11
364,2020-01-11 15:57:17,Rawson,AR,-43.3,-65.1,16.48,16.48,64,0,5.81,2020-01-11
365,2020-01-11 15:58:54,Ust'-Koksa,RU,50.27,85.61,-17.41,-17.41,71,93,2.76,2020-01-11
366,2020-01-11 15:58:54,Shingu,JP,33.73,135.98,9.08,9.08,64,0,2.67,2020-01-11
367,2020-01-11 15:58:54,Atar,MR,20.52,-13.05,24.0,24.0,17,4,2.1,2020-01-11
368,2020-01-11 15:58:54,Porto-Novo,BJ,6.5,2.6,31.0,31.0,74,40,5.1,2020-01-11
369,2020-01-11 15:58:54,Paea,PF,-17.68,-149.58,23.94,24.0,73,5,1.5,2020-01-11
370,2020-01-11 15:58:55,Otjimbingwe,NA,-22.35,16.13,33.04,33.04,21,79,10.09,2020-01-11
371,2020-01-11 15:58:55,Ojinaga,MX,29.57,-104.42,6.0,6.0,45,1,0.59,2020-01-11
372,2020-01-11 15:58:55,Ucluelet,CA,48.93,-125.55,2.81,5.0,86,20,8.2,2020-01-11
373,2020-01-11 15:58:55,Knysna,ZA,-34.04,23.05,29.0,29.0,37,20,4.1,2020-01-11
374,2020-01-11 15:58:55,Souillac,MU,-20.52,57.52,25.31,25.56,100,75,3.6,2020-01-11
375,2020-01-11 15:58:55,Cabras,IT,39.93,8.53,13.01,13.01,73,31,2.23,2020-01-11
376,2020-01-11 15:58:55,Formosa,AR,-26.18,-58.18,30.0,30.0,74,90,3.1,2020-01-11
377,2020-01-11 15:58:29,Blythe,US,33.61,-114.6,2.77,3.89,69,1,1.5,2020-01-11
378,2020-01-11 15:58:55,Ilebo,CD,-4.32,20.58,29.15,29.15,52,14,1.4,2020-01-11
379,2020-01-11 15:58:55,Palmer,US,42.16,-72.33,14.13,16.67,81,75,7.2,2020-01-11
380,2020-01-11 15:58:55,Brae,GB,60.4,-1.35,6.71,8.0,93,68,13.4,2020-01-11
381,2020-01-11 15:58:55,Onega,RU,63.91,38.14,-2.79,-2.79,91,100,4.41,2020-01-11
382,2020-01-11 15:58:55,Toora-Khem,RU,52.47,96.11,-25.88,-25.88,99,1,0.63,2020-01-11
383,2020-01-11 15:58:55,Yanam,IN,16.73,82.22,26.0,26.0,69,40,4.1,2020-01-11
384,2020-01-11 15:58:55,Rio Grande,BR,-32.03,-52.1,29.16,30.0,66,40,5.07,2020-01-11
385,2020-01-11 15:58:56,Athabasca,CA,54.72,-113.29,-22.45,-22.45,98,100,2.18,2020-01-11
386,2020-01-11 15:58:56,Port Hedland,AU,-20.32,118.57,30.0,30.0,74,100,2.6,2020-01-11
387,2020-01-11 15:58:56,Hamilton,US,39.18,-84.53,17.94,19.44,72,90,3.6,2020-01-11
388,2020-01-11 15:56:12,Barcelos,PT,41.54,-8.62,13.31,14.44,66,33,2.6,2020-01-11
389,2020-01-11 15:55:23,Lubango,AO,-14.92,13.49,20.0,20.0,81,75,41.2,2020-01-11
390,2020-01-11 15:58:56,Balabac,PH,7.99,117.06,26.81,26.81,81,100,4.14,2020-01-11
391,2020-01-11 15:58:56,Esperance,AU,-33.87,121.9,18.0,18.0,63,0,5.7,2020-01-11
392,2020-01-11 15:58:56,Auki,SB,-8.77,160.7,27.74,27.74,83,100,7.69,2020-01-11
393,2020-01-11 15:58:56,Balclutha,NZ,-46.23,169.75,12.78,12.78,95,68,0.81,2020-01-11
394,2020-01-11 15:58:56,Aksarka,RU,66.56,67.8,-10.72,-10.72,83,31,6.08,2020-01-11
395,2020-01-11 15:58:56,Cidreira,BR,-30.18,-50.21,25.7,25.7,82,19,3.39,2020-01-11
396,2020-01-11 15:58:56,Alenquer,BR,-1.94,-54.74,29.0,29.0,74,40,6.2,2020-01-11
397,2020-01-11 15:58:56,Champerico,GT,14.3,-91.92,28.0,28.0,61,0,0.46,2020-01-11
398,2020-01-11 15:58:57,Wairoa,NZ,-39.03,177.37,17.22,17.22,66,81,1.79,2020-01-11
399,2020-01-11 15:58:57,Aykhal,RU,66.0,111.5,-16.0,-16.0,91,0,4.0,2020-01-11
400,2020-01-11 15:58:57,Praia da Vitoria,PT,38.73,-27.07,15.0,15.0,72,75,4.95,2020-01-11
401,2020-01-11 15:58:57,Mrakovo,RU,52.72,56.62,-16.16,-16.16,97,95,2.25,2020-01-11
402,2020-01-11 15:58:57,Qaqortoq,GL,60.72,-46.03,-17.0,-17.0,37,20,3.1,2020-01-11
403,2020-01-11 15:58:57,Hofn,IS,64.25,-15.21,2.32,2.32,54,28,16.85,2020-01-11
404,2020-01-11 15:57:10,Jagdalpur,IN,19.07,82.03,17.06,17.06,62,0,2.31,2020-01-11
405,2020-01-11 15:58:57,Tomatlan,MX,19.93,-105.25,20.15,20.15,40,96,1.66,2020-01-11
406,2020-01-11 15:58:57,Waingapu,ID,-9.66,120.26,28.49,28.49,75,100,7.25,2020-01-11
407,2020-01-11 15:58:57,Oum Hadjer,TD,13.3,19.7,33.44,33.44,13,0,4.32,2020-01-11
408,2020-01-11 15:58:57,Usogorsk,RU,63.41,48.69,-7.88,-7.88,97,97,2.24,2020-01-11
409,2020-01-11 15:58:57,Santa Rita,BR,-7.11,-34.98,31.0,31.0,52,75,4.6,2020-01-11
410,2020-01-11 15:58:57,San Lorenzo,PY,-25.33,-57.53,34.0,34.0,63,75,2.6,2020-01-11
411,2020-01-11 15:58:57,Egvekinot,RU,66.32,-179.17,-15.51,-15.51,97,100,3.26,2020-01-11
412,2020-01-11 15:58:58,Nosy Varika,MG,-20.58,48.53,26.25,26.25,80,99,2.83,2020-01-11
413,2020-01-11 15:58:58,Leningradskiy,RU,69.38,178.42,-17.45,-17.45,79,100,5.58,2020-01-11
414,2020-01-11 15:58:58,Kazanskoye,RU,55.64,69.23,-14.4,-14.4,94,99,4.2,2020-01-11
415,2020-01-11 15:58:58,Bolgatanga,GH,10.79,-0.85,36.38,36.38,14,0,1.02,2020-01-11
416,2020-01-11 15:54:48,San Ramon,US,37.78,-121.98,7.63,9.44,93,1,2.1,2020-01-11
417,2020-01-11 15:58:58,Port Macquarie,AU,-31.43,152.92,19.15,19.44,100,90,3.1,2020-01-11
418,2020-01-11 15:58:58,Vardo,NO,70.37,31.11,-2.0,-2.0,79,40,3.1,2020-01-11
419,2020-01-11 15:58:58,Normandin,CA,48.83,-72.53,-1.67,-0.56,100,90,3.1,2020-01-11
420,2020-01-11 15:58:58,Nara,JP,34.69,135.8,4.86,8.0,81,32,2.6,2020-01-11
421,2020-01-11 15:58:58,Marsh Harbour,BS,26.54,-77.06,24.81,24.81,78,67,12.93,2020-01-11
422,2020-01-11 15:58:58,Sao Jose da Coroa Grande,BR,-8.9,-35.15,26.96,26.96,72,34,4.24,2020-01-11
423,2020-01-11 15:58:59,Amapa,BR,1.0,-52.0,30.8,30.8,49,44,2.38,2020-01-11
424,2020-01-11 15:58:59,Sao Joao da Barra,BR,-21.64,-41.05,32.48,33.0,49,6,4.1,2020-01-11
425,2020-01-11 15:58:59,Hegang,CN,47.4,130.37,-17.22,-17.22,86,0,2.89,2020-01-11
426,2020-01-11 15:58:59,Mokhsogollokh,RU,61.47,128.92,-16.23,-16.23,96,100,1.78,2020-01-11
427,2020-01-11 15:58:59,Sumbawanga,TZ,-7.97,31.62,19.0,19.0,82,75,3.73,2020-01-11
428,2020-01-11 15:58:59,Nhulunbuy,AU,-12.23,136.77,26.0,26.0,88,40,1.0,2020-01-11
429,2020-01-11 15:58:59,Deputatsky,RU,69.3,139.9,-32.55,-32.55,96,0,1.09,2020-01-11
430,2020-01-11 15:58:59,Jalu,LY,29.03,21.55,16.02,16.02,34,100,3.7,2020-01-11
431,2020-01-11 15:58:59,Lata,PT,40.16,-8.33,14.76,16.0,41,0,0.5,2020-01-11
432,2020-01-11 15:58:59,Huaraz,PE,-9.53,-77.53,10.34,10.34,51,0,2.65,2020-01-11
433,2020-01-11 15:58:59,Okha,RU,53.57,142.95,-16.94,-16.94,88,97,5.15,2020-01-11
434,2020-01-11 15:58:59,San Policarpo,PH,12.18,125.51,26.49,26.49,83,100,6.58,2020-01-11
435,2020-01-11 15:57:28,Kupang,ID,-10.17,123.58,25.0,25.0,94,75,2.1,2020-01-11
436,2020-01-11 15:59:00,Kokopo,PG,-4.35,152.26,25.54,25.54,89,100,1.4,2020-01-11
437,2020-01-11 15:59:00,El Sauzal de Rodriguez,MX,31.9,-116.68,7.22,7.22,86,53,0.5,2020-01-11
438,2020-01-11 15:59:00,Wewak,PG,-3.55,143.63,25.5,25.5,87,100,2.55,2020-01-11
439,2020-01-11 15:59:00,Palmeirais,BR,-5.98,-43.06,32.77,32.77,52,86,2.14,2020-01-11
440,2020-01-11 15:59:00,Wahiawa,US,21.5,-158.02,23.05,24.0,88,90,7.7,2020-01-11
441,2020-01-11 15:59:00,Marabu,MY,4.41,114.01,25.0,25.0,100,90,3.1,2020-01-11
442,2020-01-11 15:59:00,San Luis de la Paz,MX,21.3,-100.52,14.8,15.56,47,100,0.45,2020-01-11
443,2020-01-11 15:59:00,Myre,NO,69.1,15.95,2.12,2.22,93,100,9.3,2020-01-11
444,2020-01-11 15:59:00,Torbay,CA,47.67,-52.73,0.66,1.11,80,90,10.3,2020-01-11
445,2020-01-11 15:59:01,Arenapolis,BR,-14.45,-56.85,32.87,32.87,59,100,1.05,2020-01-11
446,2020-01-11 15:59:01,Walvis Bay,NA,-22.96,14.51,20.71,21.0,68,100,7.7,2020-01-11
447,2020-01-11 15:59:01,Mecca,SA,21.43,39.83,19.56,19.56,21,0,4.92,2020-01-11
448,2020-01-11 15:59:01,Ingham,US,42.6,-84.38,0.73,2.78,96,90,8.7,2020-01-11
449,2020-01-11 15:59:01,Ngunguru,NZ,-35.62,174.5,11.52,12.78,91,0,1.34,2020-01-11
450,2020-01-11 15:59:01,Chiredzi,ZW,-21.05,31.67,31.88,31.88,41,98,4.58,2020-01-11
451,2020-01-11 15:59:01,College,US,64.86,-147.8,-32.07,-21.0,65,0,0.28,2020-01-11
452,2020-01-11 15:59:01,Mikhaylovka,RU,50.06,43.24,0.0,0.0,94,100,5.36,2020-01-11
453,2020-01-11 15:59:01,Tucupita,VE,9.06,-62.05,29.1,29.1,57,0,3.12,2020-01-11
454,2020-01-11 15:54:55,Arcata,US,40.87,-124.08,7.61,9.44,100,90,4.1,2020-01-11
455,2020-01-11 15:59:01,Otjiwarongo,NA,-20.46,16.65,30.0,30.0,37,88,2.6,2020-01-11
456,2020-01-11 15:59:01,Mbeya,TZ,-8.9,33.45,18.08,18.08,92,100,1.32,2020-01-11
457,2020-01-11 15:59:01,Korla,CN,41.76,86.15,-10.02,-10.02,75,0,0.65,2020-01-11
458,2020-01-11 15:59:01,Divnomorskoye,RU,44.5,38.14,8.47,8.47,89,100,9.71,2020-01-11
459,2020-01-11 15:59:02,Alamogordo,US,32.9,-105.96,-2.05,1.67,68,1,3.1,2020-01-11
460,2020-01-11 15:59:02,Nizwa,OM,22.93,57.53,15.14,15.14,86,100,2.14,2020-01-11
461,2020-01-11 15:59:02,Emporio,GR,40.48,21.55,9.0,9.0,34,40,8.2,2020-01-11
462,2020-01-11 15:59:02,Sola,VU,-13.88,167.55,26.11,26.11,86,100,10.79,2020-01-11
463,2020-01-11 15:59:02,Tongzi,CN,28.78,105.09,10.09,10.09,66,0,1.83,2020-01-11
464,2020-01-11 15:59:02,Havre-Saint-Pierre,CA,50.23,-63.6,-8.0,-8.0,78,90,2.6,2020-01-11
465,2020-01-11 15:59:02,Los Llanos de Aridane,ES,28.66,-17.92,17.46,19.0,63,75,5.1,2020-01-11
466,2020-01-11 15:59:02,Ratnagiri,IN,16.98,73.3,22.8,22.8,78,9,1.0,2020-01-11
467,2020-01-11 15:59:02,Thinadhoo,MV,0.53,72.93,28.13,28.13,79,100,9.42,2020-01-11
468,2020-01-11 15:59:02,Laas,IT,46.62,10.7,1.66,8.0,53,0,2.1,2020-01-11
469,2020-01-11 15:59:02,Iaciara,BR,-14.1,-46.63,30.18,30.18,48,99,1.76,2020-01-11
470,2020-01-11 15:59:03,Rajshahi,BD,24.37,88.6,16.57,16.57,62,0,3.59,2020-01-11
471,2020-01-11 15:59:03,Podolinec,SK,49.26,20.54,1.37,2.22,80,20,6.7,2020-01-11
472,2020-01-11 15:59:03,Mangai,CD,-4.05,19.53,27.41,27.41,67,89,1.49,2020-01-11
473,2020-01-11 15:59:03,Orlovskiy,RU,46.87,42.06,2.92,2.92,98,100,5.36,2020-01-11
474,2020-01-11 15:59:03,Keti Bandar,PK,24.14,67.45,20.24,20.24,54,0,5.2,2020-01-11
475,2020-01-11 15:59:03,Eltham,NZ,-39.43,174.3,12.2,12.78,95,59,2.13,2020-01-11
476,2020-01-11 15:59:03,Broome,US,42.25,-75.83,13.41,14.44,93,90,8.7,2020-01-11
477,2020-01-11 15:59:03,Bambanglipuro,ID,-7.95,110.28,23.61,23.61,91,100,2.42,2020-01-11
478,2020-01-11 15:59:03,Marawi,PH,8.0,124.29,25.56,25.56,86,100,1.79,2020-01-11
479,2020-01-11 15:59:03,Kristinestad,FI,62.27,21.38,0.47,0.47,95,100,9.83,2020-01-11
480,2020-01-11 15:59:03,Ubinskoye,RU,55.31,79.68,-14.04,-14.04,94,100,3.81,2020-01-11
481,2020-01-11 15:59:04,Yumen,CN,40.28,97.2,-5.51,-5.51,53,100,7.65,2020-01-11
482,2020-01-11 15:59:04,Nishihara,JP,26.18,127.76,19.9,21.0,88,75,4.6,2020-01-11
483,2020-01-11 15:59:04,Arman,RU,59.7,150.17,-18.08,-18.08,81,0,3.65,2020-01-11
484,2020-01-11 15:59:04,Gamba,GA,-2.65,10.0,29.48,29.48,63,27,3.62,2020-01-11
485,2020-01-11 15:59:04,Boende,CD,-0.22,20.87,31.68,31.68,45,67,0.56,2020-01-11
486,2020-01-11 15:59:04,Saint Joseph,US,39.77,-94.85,-9.81,-7.22,78,90,9.3,2020-01-11
487,2020-01-11 15:59:04,Myanaung,MM,18.28,95.32,21.24,21.24,57,13,2.66,2020-01-11
488,2020-01-11 15:59:04,Makassar,ID,-5.14,119.42,24.0,24.0,100,40,2.6,2020-01-11
489,2020-01-11 15:59:04,Gold Coast,AU,-28.0,153.43,23.31,23.89,83,100,5.7,2020-01-11
490,2020-01-11 15:59:04,Nar'yan-Mar,RU,67.67,53.09,-10.98,-10.98,96,67,3.28,2020-01-11
491,2020-01-11 15:59:04,Baiao,BR,-2.79,-49.67,28.87,28.87,72,60,1.82,2020-01-11
492,2020-01-11 15:59:04,Kalabo,ZM,-14.97,22.68,28.07,28.07,54,80,3.71,2020-01-11
493,2020-01-11 15:59:04,Severnoye,RU,56.35,78.36,-14.69,-14.69,94,99,3.57,2020-01-11
494,2020-01-11 15:56:41,Vila Velha,BR,-20.33,-40.29,32.48,33.0,49,21,5.7,2020-01-11
495,2020-01-11 15:59:05,Bonnyville,CA,54.27,-110.73,-22.0,-22.0,69,90,2.6,2020-01-11
496,2020-01-11 15:59:05,Madang,PG,-5.22,145.8,26.98,26.98,85,100,6.79,2020-01-11
497,2020-01-11 15:59:05,Marystown,CA,47.17,-55.15,0.78,0.78,87,100,6.21,2020-01-11
498,2020-01-11 15:59:05,Manzanillo,CU,20.34,-77.12,27.62,27.62,58,0,8.87,2020-01-11
499,2020-01-11 15:59:05,Fremont,US,37.55,-121.99,7.51,9.44,93,40,1.5,2020-01-11
500,2020-01-11 15:59:05,Ryotsu,JP,38.08,138.43,1.0,1.0,69,20,1.5,2020-01-11
501,2020-01-11 15:59:05,Bangangte,CM,5.14,10.52,31.81,31.81,25,16,1.57,2020-01-11
502,2020-01-11 15:57:53,San Ignacio,BZ,17.16,-89.07,26.03,27.78,94,40,3.1,2020-01-11
503,2020-01-11 15:59:05,Schwerin,DE,53.63,11.41,4.95,5.56,80,68,6.2,2020-01-11
504,2020-01-11 15:58:50,Durban,ZA,-29.86,31.03,23.54,25.0,73,100,6.2,2020-01-11
505,2020-01-11 15:59:05,Labuhan,ID,-6.88,112.21,24.12,24.12,88,100,2.48,2020-01-11
506,2020-01-11 15:59:05,Ripky,UA,51.8,31.08,2.05,2.05,97,100,4.79,2020-01-11
507,2020-01-11 15:59:06,Manggar,ID,-2.88,108.27,27.39,27.39,79,100,4.72,2020-01-11
508,2020-01-11 15:59:06,Bridlington,GB,54.08,-0.19,10.94,12.22,81,75,15.9,2020-01-11
509,2020-01-11 15:59:06,Henties Bay,NA,-22.12,14.28,20.56,20.56,80,30,1.79,2020-01-11
510,2020-01-11 15:59:06,Hoeganaes,SE,56.2,12.56,5.23,5.56,86,100,6.2,2020-01-11
511,2020-01-11 15:59:06,City of San Pedro,PH,14.35,121.02,25.89,26.11,78,20,1.0,2020-01-11
512,2020-01-11 15:59:06,Jinxiang,CN,22.86,115.7,17.78,17.78,66,54,1.34,2020-01-11
513,2020-01-11 15:59:06,Pochutla,MX,15.74,-96.47,25.41,26.0,61,20,3.27,2020-01-11
514,2020-01-11 15:59:06,Suda,RU,59.15,37.56,-3.0,-3.0,100,75,3.0,2020-01-11
515,2020-01-11 15:59:06,Yar-Sale,RU,66.83,70.83,-12.5,-12.5,95,86,5.69,2020-01-11
516,2020-01-11 15:59:06,Arroio Grande,BR,-32.24,-53.09,25.0,25.0,75,75,3.15,2020-01-11
517,2020-01-11 15:59:06,Naze,JP,28.37,129.48,16.0,16.0,100,75,2.1,2020-01-11
518,2020-01-11 15:59:06,Majene,ID,-3.54,118.97,23.4,23.4,93,100,1.47,2020-01-11
519,2020-01-11 15:59:06,Andenes,NO,69.31,16.12,2.12,2.22,93,100,9.3,2020-01-11
520,2020-01-11 15:59:06,Djibouti,DJ,11.5,42.5,29.0,29.0,62,1,6.2,2020-01-11
521,2020-01-11 15:59:07,Katobu,ID,-4.94,122.53,25.43,25.43,86,100,1.36,2020-01-11
522,2020-01-11 15:59:07,Sibolga,ID,1.74,98.78,21.73,21.73,97,100,1.15,2020-01-11
523,2020-01-11 15:59:07,Sorong,ID,-0.88,131.25,23.98,23.98,97,100,0.36,2020-01-11
524,2020-01-11 15:59:07,Oranjestad,AW,12.52,-70.03,30.0,30.0,58,40,11.8,2020-01-11
525,2020-01-11 15:59:07,Bilma,NE,18.69,12.92,26.37,26.37,15,16,5.11,2020-01-11
526,2020-01-11 15:59:07,Kondinskoye,RU,59.65,67.41,-10.41,-10.41,94,98,3.91,2020-01-11
527,2020-01-11 15:59:07,Tsimmerbude,RU,54.67,20.13,4.0,4.0,80,75,3.0,2020-01-11
528,2020-01-11 15:59:07,Twentynine Palms,US,34.14,-116.05,5.84,8.33,48,1,1.5,2020-01-11
529,2020-01-11 15:59:07,Muravlenko,RU,63.79,74.52,-11.65,-11.65,92,92,9.12,2020-01-11
530,2020-01-11 15:59:07,Niquero,CU,20.04,-77.58,26.47,26.47,60,0,2.67,2020-01-11
531,2020-01-11 15:59:07,Puerto del Rosario,ES,28.5,-13.86,19.0,19.0,63,90,8.2,2020-01-11
532,2020-01-11 15:59:07,Luganville,VU,-15.53,167.17,23.0,23.0,100,100,2.98,2020-01-11
533,2020-01-11 15:59:07,Otradnoye,RU,59.78,30.82,-0.77,0.56,86,33,2.0,2020-01-11
534,2020-01-11 15:59:07,Talant,FR,47.34,5.01,6.46,7.0,70,90,1.5,2020-01-11
535,2020-01-11 15:59:07,Goderich,CA,43.75,-81.72,1.11,1.67,94,100,3.13,2020-01-11
536,2020-01-11 15:59:08,Srednekolymsk,RU,67.45,153.68,-30.05,-30.05,98,100,1.46,2020-01-11
537,2020-01-11 15:59:08,Staryy Nadym,RU,65.61,72.68,-12.46,-12.46,94,99,7.24,2020-01-11
538,2020-01-11 15:59:08,The Valley,AI,18.22,-63.06,27.5,28.33,61,20,8.7,2020-01-11
539,2020-01-11 15:59:08,Gwanda,ZW,-20.93,29.0,26.95,26.95,54,87,5.78,2020-01-11
540,2020-01-11 15:59:08,Itaituba,BR,-4.28,-55.98,26.0,26.0,94,40,4.1,2020-01-11
541,2020-01-11 15:59:08,Luau,AO,-10.71,22.22,19.33,19.33,87,99,3.47,2020-01-11
542,2020-01-11 15:56:49,Honiara,SB,-9.43,159.95,25.0,25.0,94,90,0.97,2020-01-11
543,2020-01-11 15:59:08,Provincia di Mantova,IT,45.17,10.78,8.99,11.0,66,0,1.5,2020-01-11
544,2020-01-11 15:59:08,Tuy Hoa,VN,13.08,109.3,25.02,25.02,77,72,6.66,2020-01-11
545,2020-01-11 15:59:08,Clarksville,US,36.53,-87.36,15.56,17.22,93,90,10.45,2020-01-11
546,2020-01-11 15:59:08,Patan,NP,27.67,85.33,8.0,8.0,87,20,1.0,2020-01-11
547,2020-01-11 15:59:08,Mortka,RU,59.33,66.02,-10.58,-10.58,94,100,3.37,2020-01-11
548,2020-01-11 15:59:08,Poronaysk,RU,49.22,143.12,-7.81,-7.81,93,100,2.24,2020-01-11
549,2020-01-11 15:59:08,Taraclia,MD,45.9,28.67,5.5,5.5,70,73,4.12,2020-01-11
550,2020-01-11 15:59:08,Koster,ZA,-25.86,26.9,24.2,24.2,57,74,3.21,2020-01-11
551,2020-01-11 15:59:09,Strezhevoy,RU,60.73,77.59,-9.0,-9.0,78,100,6.0,2020-01-11
